-- phpMyAdmin SQL Dump
-- version 4.9.0.1
-- https://www.phpmyadmin.net/
--
-- Host: 127.0.0.1
-- Generation Time: Jan 30, 2022 at 04:36 AM
-- Server version: 10.3.16-MariaDB
-- PHP Version: 7.1.30

SET SQL_MODE = "NO_AUTO_VALUE_ON_ZERO";
SET AUTOCOMMIT = 0;
START TRANSACTION;
SET time_zone = "+00:00";


/*!40101 SET @OLD_CHARACTER_SET_CLIENT=@@CHARACTER_SET_CLIENT */;
/*!40101 SET @OLD_CHARACTER_SET_RESULTS=@@CHARACTER_SET_RESULTS */;
/*!40101 SET @OLD_COLLATION_CONNECTION=@@COLLATION_CONNECTION */;
/*!40101 SET NAMES utf8mb4 */;

--
-- Database: `dss_saw`
--

-- --------------------------------------------------------

--
-- Table structure for table `bobot`
--

CREATE TABLE `bobot` (
  `id_bobot` int(11) NOT NULL,
  `id_kriteria` int(11) NOT NULL,
  `bobot` float NOT NULL
) ENGINE=InnoDB DEFAULT CHARSET=latin1;

--
-- Dumping data for table `bobot`
--

INSERT INTO `bobot` (`id_bobot`, `id_kriteria`, `bobot`) VALUES
(1, 2, 0.05),
(3, 4, 0.05),
(5, 6, 0.05),
(6, 7, 0.05),
(7, 8, 0.05),
(8, 9, 0.05),
(9, 10, 0.05),
(10, 11, 0.05),
(11, 12, 0.05),
(12, 13, 0.05),
(13, 14, 0.05),
(14, 15, 0.05),
(15, 16, 0.05),
(17, 17, 0.05),
(18, 18, 0.05),
(19, 19, 0.05),
(20, 20, 0.05),
(21, 21, 0.05),
(22, 22, 0.05),
(29, 29, 0.05);

-- --------------------------------------------------------

--
-- Table structure for table `hasil`
--

CREATE TABLE `hasil` (
  `id_hasil` int(11) NOT NULL,
  `nip` varchar(100) NOT NULL,
  `hasil` float NOT NULL,
  `tanggal` date NOT NULL
) ENGINE=InnoDB DEFAULT CHARSET=latin1;

--
-- Dumping data for table `hasil`
--

INSERT INTO `hasil` (`id_hasil`, `nip`, `hasil`, `tanggal`) VALUES
(1, '1990.2014.04.007', 0.6, '2022-01-30'),
(2, '1992.2016.04.011', 0.58, '2022-01-30'),
(3, '1965.2010.05.001', 0.6, '2022-01-30'),
(4, '1986.2013.04.004', 0.58, '2022-01-30'),
(5, '1984.2010.02.002', 0.56, '2022-01-30'),
(6, '1981.2010.02.004', 0.51, '2022-01-30'),
(7, '1989.2013.02.005', 0.6, '2022-01-30'),
(8, '1981.2006.02.001', 0.59, '2022-01-30'),
(9, '1984.2010.02.003', 0.62, '2022-01-30'),
(10, '1993.2019.02.008', 0.67, '2022-01-30'),
(11, '1989.2015.02.006', 0.66, '2022-01-30'),
(12, '1990.2015.02.007', 0.59, '2022-01-30'),
(13, '1981.2013.03.001', 0.6, '2022-01-30'),
(14, '1984.2016.03.003', 0.51, '2022-01-30'),
(15, '1984.2015.03.002', 0.98, '2022-01-30'),
(16, '1988.2018.03.004', 0.54, '2022-01-30'),
(17, '1991.2019.03.005', 0.58, '2022-01-30'),
(18, '1989.2013.04.005', 0.64, '2022-01-30'),
(19, '1989.2016.04.008', 0.54, '2022-01-30'),
(20, '1990.2013.05.003', 0.6, '2022-01-30'),
(21, '1991.2016.04.009', 0.56, '2022-01-30'),
(22, '1991,2019,04,014', 0.62, '2022-01-30'),
(23, '1994.2016.05.005', 0.62, '2022-01-30'),
(24, '1994.2016.04.012', 0.59, '2022-01-30'),
(25, '1987.2010.04.001', 0.57, '2022-01-30'),
(26, '1985.2010.04.003', 0.56, '2022-01-30'),
(27, '1993.2016.04.010', 0.57, '2022-01-30'),
(28, '1992.2017.04.013', 0.6, '2022-01-30'),
(30, '1987.2010.04.002', 0.54, '2022-01-30');

-- --------------------------------------------------------

--
-- Table structure for table `kriteria`
--

CREATE TABLE `kriteria` (
  `id_kriteria` int(11) NOT NULL,
  `nama_kriteria` varchar(5) NOT NULL,
  `keterangan` text NOT NULL
) ENGINE=InnoDB DEFAULT CHARSET=latin1;

--
-- Dumping data for table `kriteria`
--

INSERT INTO `kriteria` (`id_kriteria`, `nama_kriteria`, `keterangan`) VALUES
(2, 'C1', 'TEPAT WAKTU'),
(4, 'C2', 'TEPAT MENGGUNAKAN ATRIBUT SERAGAM'),
(6, 'C3', 'TEPAT WAKTU MENYELESAIKAN TUGAS'),
(7, 'C4', 'KEBERADAAN DITEMPAT SAAT JAM KERJA'),
(8, 'C5', 'TINGKAT KEHADIRAN RAPAT'),
(9, 'C6', 'TIDAK PERNAH MELAKUKAN PELANGGARAN TATA TERTIB UNIT KERJA'),
(10, 'C7', 'TANGGUNG JAWAB'),
(11, 'C8', 'KEAKTIFAN DALAM PENGAJIAN MUHAMMADIYAH'),
(12, 'C9', 'BEKERJA SAMA'),
(13, 'C10', 'BERGAUL DENGAN BAIK'),
(14, 'C11', 'TIDAK PERNAH KONFLIK DENGAN REKAN KERJA ATAU UNIT'),
(15, 'C12', 'TIDAK PERNAH ADA KOMPLAIN DARI PASIEN'),
(16, 'C13', 'PEMAHAMAN TERHADAP TUGAS PEGAWAI'),
(17, 'C14', 'PEMAHAMAN TERHADAP PANDUAN UNIT'),
(18, 'C15', 'PEMAHAMAN TERHADAP PEDOMAN UNIT'),
(19, 'C16', 'PEMAHAMAN TERHADAP SOP UNIT'),
(20, 'C17', 'PEMAHAMAN TERHADAP VISI & MISI KLINIK'),
(21, 'C18', 'POLA KEPEMIMPINAN'),
(22, 'C19', 'PEMECAHAN MASALAH'),
(29, 'C20', 'KEMAMPUAN BERKOORDINASI');

-- --------------------------------------------------------

--
-- Table structure for table `nilai_kriteria`
--

CREATE TABLE `nilai_kriteria` (
  `id_nilai_kriteria` int(11) NOT NULL,
  `id_kriteria` int(11) NOT NULL,
  `keterangan` text NOT NULL,
  `nilai` float NOT NULL
) ENGINE=InnoDB DEFAULT CHARSET=latin1;

--
-- Dumping data for table `nilai_kriteria`
--

INSERT INTO `nilai_kriteria` (`id_nilai_kriteria`, `id_kriteria`, `keterangan`, `nilai`) VALUES
(120, 2, 'Dalam 6 bulan terakhir tidak pernah melakukan keterlambatan', 0.5),
(121, 2, 'Dalam 6 bulan terakhir melakukan keterlambatan lebih dari 4 kali\n', 0.3),
(122, 2, 'Dalam 6 bulan terakhir melakukan keterlambatan lebih dari 6 kali', 0.2),
(123, 4, '4 hari dalam seminggu pegawai menggunakan atribut seragam lengkap', 0.5),
(124, 4, '2 hari dalam seminggu pegawai menggunakan atribut seragam lengkap', 0.3),
(125, 4, 'Pegawai tidak menggunakan atribut seragam lengkap', 0.2),
(126, 6, 'Tepat waktu menyelesaikan tugasnya', 0.5),
(127, 6, 'Beberapa kali telat untuk menyelesaikan tugasnya', 0.3),
(128, 6, 'Tidak mampu menyelesaikan tugas dengan waktu yang ditentukan', 0.2),
(129, 7, 'Tidak pernah meninggalkan tempat kerja saat jam kerja berlangsung kecuali diperintahkan oleh atasan langsung', 0.5),
(130, 7, 'Kadang kadang meninggalkan tempat kerja saat jam kerja dan tanpa ijin atasan', 0.3),
(131, 7, 'Sering meninggalkan tempat kerja saat jam kerja', 0.2),
(132, 8, 'Sering hadir dan mengikuti undangan rapat', 0.5),
(133, 8, 'Kadang kadang ikut mengikuti undangan rapat', 0.3),
(134, 8, 'Sering tidak mengikuti undangan rapat', 0.2),
(135, 9, 'Tidak pernah melanggar tata tertib unit kerja', 0.5),
(136, 9, 'Terkadang melanggar tata tertib', 0.3),
(137, 9, 'Sering melanggar tata tertib', 0.2),
(138, 10, 'Mampu menjalankan tanggung jawab dengan baik dan hasil yang benar', 0.5),
(139, 10, 'Mampu menjalankan tanggung jawab tetapi masih sering dikontrol oleh atasan', 0.3),
(140, 10, 'Sering melakukan pelanggaran jika mendapatkan tugas atau amanah', 0.2),
(141, 11, 'Tidak pernah absen melakukan pengajian', 0.5),
(142, 11, '3 kali absen kehadiran pengajian', 0.3),
(143, 11, 'Lebih dari 3 kali absen kehadiran pengajian', 0.2),
(144, 12, 'Memiliki inisiatif untuk membantu pegawai yang lain dalam menyelesaikan tugasnya', 0.5),
(145, 12, 'Kurang memiliki respon dalam membantu pegawai yang lain untuk menyelesaikan tugas', 0.3),
(146, 12, 'Hanya mengandalkan dirinya sendiri untuk bekerja tanpa melibatkan pegawai atau koleganya dan bersikap egosentris dan tidak mau tau dengan pekerjaan orang lain', 0.2),
(147, 13, 'Mampu berkomunikasi dengan baik dan mampu menghargai orang lain', 0.5),
(148, 13, 'Kurang menghargai orang lain', 0.3),
(149, 13, 'Acuh terhadap teman dan orang lain', 0.2),
(150, 14, 'Tidak pernah ada laporan atau komplain dari teman kerja', 0.5),
(151, 14, 'Pernah mempunyai komplain dengan teman kerja', 0.3),
(152, 14, '3 kali mendapatkan laporan komplain dengan teman', 0.2),
(153, 15, 'Tidak pernah mendapatkan komplain dari pasien', 0.5),
(154, 15, 'Sekali mendapatkan komplain dari pasien', 0.3),
(155, 15, 'Tiga kali mendapatkan komplain dari pasien', 0.2),
(156, 16, 'Menguasai, memahami, mengerjakan apa yang menjadi tugasnya', 0.5),
(157, 16, 'Tidak mengetahui tetapi menjalankan beberapa deskripsi tugasnya', 0.3),
(158, 16, 'Tidak mengetahui, tidak melaksanakan tugasnya', 0.2),
(159, 17, 'Mengetahui dan mengerti isi dari panduan unitnya', 0.5),
(160, 17, 'Mengetahui tetapi tidak memahami isi dari panduan unitnya', 0.3),
(161, 17, 'Tidak mengetahui sama sekali tentang panduan unitnya', 0.2),
(162, 18, 'Mengetahui dan mengerti isi dari pedoman unitnya', 0.5),
(163, 18, 'Mengetahui tetapi tidak memahami isi dari pedoman unitnya', 0.3),
(164, 18, 'Tidak mengetahui sama sekali tentang pedoman unitnya', 0.2),
(165, 19, 'Memahami dan hafal semua SOP unit', 0.5),
(166, 19, 'Memahami dan hafal minimal 5 SOP unit', 0.3),
(167, 19, 'Memahami dan hafal minimal 2 SOP unit', 0.2),
(168, 20, 'Mengetahui, mengerti, dan memahami tentang visi misi klinik', 0.5),
(169, 20, 'Mengerti adanya visi misi tetapi tidak memahaminya', 0.3),
(170, 20, 'Tidak mengetahui sama sekali tentang visi dan misi', 0.2),
(171, 21, 'Demokratis dan jujur (menerima saran, kritik untuk perbaikan dan bersikap jujur terhadap kekurangan pola kepemimpinannya)', 0.5),
(172, 21, 'Proloter (bersikap seperti orang kaya yang hanya menyuruh tanpa memberikan arahan)', 0.3),
(173, 21, 'Otoriter dan Egois (Ingin menang sendiri tanpa menghiraukan unit atau pegawai lainnya)', 0.2),
(174, 22, 'Mampu menyelesaikan masalah dengan segala daya upaya yang dimilikinya', 0.5),
(175, 22, 'Berusaha menyelesaikan masalah walaupun tidak optimal', 0.3),
(176, 22, 'Tidak dapat menyelesaikan masalah bila terjadi masalah pada lingkup kerjanya', 0.2),
(177, 29, 'Bekerja secara kolegial (bersama-sama) dan melibatkan unit atau pegawai lainnya agar merasa memiliki kewajiban dan hak yang sama dalam menyelesaikan tugas atau masalah', 0.5),
(178, 29, 'Melakukan koordinasi ditingkat bawah tetapi belum optimal', 0.3),
(179, 29, 'Tidak pernah berkoordinasi atau memberikan pelimpahan tugas pendelegesian untuk menyelesaikan tugas atau masalah', 0.2);

-- --------------------------------------------------------

--
-- Table structure for table `pegawai`
--

CREATE TABLE `pegawai` (
  `nip` varchar(100) NOT NULL,
  `nama` varchar(255) NOT NULL,
  `alamat` text NOT NULL,
  `gender` varchar(50) NOT NULL,
  `ttl` date NOT NULL,
  `tmk` date NOT NULL,
  `status_pegawai` varchar(50) NOT NULL,
  `pendidikan` varchar(100) NOT NULL,
  `golongan` varchar(50) NOT NULL,
  `status` int(11) NOT NULL
) ENGINE=InnoDB DEFAULT CHARSET=latin1;

--
-- Dumping data for table `pegawai`
--

INSERT INTO `pegawai` (`nip`, `nama`, `alamat`, `gender`, `ttl`, `tmk`, `status_pegawai`, `pendidikan`, `golongan`, `status`) VALUES
('1234', 'admin', 'jember', 'Laki - laki', '2021-12-05', '2021-12-08', 'Kontrak', 'D3', '1', 0),
('12345', 'Petugas1', 'Jember', 'Perempuan', '2022-01-04', '2022-01-05', 'Tetap', 'D3', '1', 0),
('123456', 'Petugas2', 'jember', 'Laki - Laki', '2022-01-03', '2022-01-19', 'Tetap', 'D3', '2', 0),
('1965.2010.05.001', 'Arjasa Itah, SST', 'Jln. Gajah Mada XX/150, Jember\n', 'Perempuan', '2022-01-20', '2022-01-17', 'Tetap', 'D3, Kebidanan', 'II', 1),
('1981.2006.02.001', 'dr. Fitriana Putri, M.Si', 'Perum. Bunga nirwana Kelapa gading No. C-14 Jember\n', 'Perempuan', '2022-01-18', '2022-01-18', 'Tetap', 'S1 Kedokteran, S2 Manajemen', 'III', 1),
('1981.2010.02.004', 'dr. Dian Damayanti', 'Jln. Gajah mada XXVIII No. 21-Jember\n', 'Perempuan', '2022-01-19', '2022-01-19', 'Kontrak', 'S1 Kedokteran', 'III', 1),
('1981.2013.03.001', 'drg. Alif Wardani', 'Kenanga 91 A-Jember/ Kenanga gg. Buntu No. 44-Jember', 'Perempuan', '2022-01-20', '2022-01-17', 'Kontrak', 'S1 Dokter Gigi', 'III', 1),
('1984.2010.02.002', 'dr. Ana Silfia Margareta', 'Jln. Bangka VI No. 10-Jember\n', 'Perempuan', '2022-01-19', '2022-01-19', 'Kontrak', 'S1 Kedokteran', 'III', 1),
('1984.2010.02.003', 'dr. Novita Nuraini, MARS', 'Jln. Sentot Prawiradjo-Jember\n', 'Perempuan', '2022-01-19', '2022-01-19', 'Kontrak', 'S1 Kedokteran, S2 Manajemen Rumah Sakit', 'III', 1),
('1984.2015.03.002', 'drg. Leli Masitawati', 'Perum Puri Bunga Nirwana Kluster Kelapa Gading Blok H No. 1 Kec. Sumbersari', 'Perempuan', '2022-01-20', '2022-01-17', 'Kontrak', 'S1 Dokter Gigi', 'III', 1),
('1984.2016.03.003', 'drg. Erliana Widyawati S', 'Jln. Merpati No. 147 A Rt. 002/001, Bintoro, Patrang - Jember\n', 'Perempuan', '2022-01-20', '2022-01-17', 'Kontrak', 'S1 Dokter Gigi', 'III', 1),
('1985.2010.04.003', 'Siti Zulaikhah, A.Md,Kep', 'Perum puri bunga nirwana bintaro F-12, Jember\n', 'Perempuan', '2022-01-20', '2022-01-17', 'Tetap', 'D3 Keperawatan', 'II', 1),
('1986.2013.04.004', 'Budi Santoso, A.Md, Kep', 'Perum Darma Alam C.10 Sempusari-Kaliwates\n', 'Laki - laki', '2022-01-20', '2022-01-17', 'Tetap', 'D3 Keperawatan', 'II', 1),
('1987.2010.04.001', 'Sigit Hariyanto WB, A.Md, Kep', 'Dsn. Krajan lor gumelar- Balung, Jember\n', 'Laki - laki', '2022-01-20', '2022-01-17', 'Tetap', 'D3 Keperawatan', 'II', 1),
('1987.2010.04.002', 'Yuyun Puji Rahayu, S.Kep, Ners', 'Dsn. Krajan lor gumelar- Balung, Jember\n', 'Perempuan', '2022-01-20', '2022-01-17', 'Tetap', 'S1 Keperawatan', 'III', 1),
('1988.2018.03.004', 'drg. Nurdiana Setyani', 'Jln. Kalimantan X/53, Sumbersari - Jember\n', 'Perempuan', '2022-01-20', '2022-01-17', 'Kontrak', 'S1 Dokter Gigi', 'III', 1),
('1989.2013.02.005', 'dr. Eka Prasetya Wati', 'Dsn. Krajan Lor, Rt. 002/004, Gumelar - Balung', 'Perempuan', '2022-01-20', '2022-01-17', 'Kontrak', 'S1 Kedokteran', 'III', 1),
('1989.2013.04.005', 'Endang Purwati, S.Kep,Ners', 'Dsn. Kedungsuko Rt. 003/026 Desa Bangsalsari- Jember\n', 'Perempuan', '2022-01-20', '2022-01-17', 'Tetap', 'S1 Keperawatan', 'III', 1),
('1989.2015.02.006', 'dr.Sheila Soraya Choliq', 'Jln. Pajajaran H-1, Jember', 'Perempuan', '2022-01-20', '2022-01-17', 'Kontrak', 'S1 Kedokteran', 'III', 1),
('1989.2016.04.008', 'Feril Cahya Adi Candra, S.Kep, Ners', 'Dsn. Rejosari Rt. 004/011, desa Gumelar- Balung\n', 'Laki - laki', '2022-01-20', '2022-01-17', 'Kontrak', 'S1 Keperawatan', 'III', 1),
('1990.2013.05.003', 'Isa Bella Haryani, A.Md,Keb.', 'Dsn Krajan Selatan Rt. 003/008, Jember\n', 'Perempuan', '2022-01-20', '2022-01-17', 'Tetap', 'D3, Kebidanan', 'II', 1),
('1990.2014.04.007', 'Ahmad Qomarudin, S.Kep,Ners', 'Dsn Langsepan Rt. 006/001-Rowo Indah, Ajung- Jember\n', 'Laki - laki', '2022-01-20', '2022-01-17', 'Tetap', 'S1 Keperawatan', 'III', 1),
('1990.2015.02.007', 'dr.Yoga Wahyu Pratiwi', 'Perum Pesona Regency AF 9, Patrang - Jember\n', 'Perempuan', '2022-01-20', '2022-01-17', 'Kontrak', 'S1 Kedokteran', 'III', 1),
('1991,2019,04,014', 'Ns. Novia Martiningsih, S.Kep', 'Jl. Letjen Sutoyo Gang Kebon Indah RT 2 RW 33 Kebonsari, Sumbersari Jember\n', 'Perempuan', '2022-01-20', '2022-01-17', 'Kontrak', 'S1 Keperawatan', 'III', 1),
('1991.2016.04.009', 'Novita Chindy Permana, S.Kep,Ners', 'Jln. Panjaitan X.A/45, Jember\n', 'Perempuan', '2022-01-20', '2022-01-17', 'Kontrak', 'S1 Keperawatan', 'III', 1),
('1991.2019.03.005', 'drg. RR. Firsty Inezhatie', 'Jln. Nusantara 18-1, Lingk. Condro, RT. 004/012, Kaliwates - Jember\n', 'Perempuan', '2022-01-20', '2022-01-17', 'Kontrak', 'S1 Dokter Gigi', 'III', 1),
('1992.2016.04.011', 'Ajeng Riska Setyadi, S.Kep, Ners', 'Dsn. Kedungsuko Rt. 002/001, Bangsalsari, Jember\n', 'Perempuan', '2022-01-20', '2022-01-17', 'Kontrak', 'S1 Keperawatan', 'III', 1),
('1992.2017.04.013', 'Tri Naka Jumadha, A.Md.,Kep', 'Jln. Pahlawan, Dukuh Dempok, Wuluhan - Jember\n', 'Laki - laki', '2022-01-20', '2022-01-17', 'Kontrak', 'D3 Keperawatan', 'II', 1),
('1993.2016.04.010', 'Syahdan Fajar Hidayatullah, A.Md, Kep', 'Jln. Panjaitan X/24, Jember\n', 'Laki - laki', '2022-01-20', '2022-01-17', 'Kontrak', 'D3 Keperawatan', 'II', 1),
('1993.2019.02.008', 'dr. Tri Aji Pujo S', 'Dusun Pasar Alas Rt 3 Rw 2 Desa Garahan Kecamatan Silo Kab Jember', 'Laki - laki', '2022-01-20', '2022-01-17', 'Kontrak', 'S1 Kedokteran', 'III', 1),
('1994.2016.04.012', 'Rizal Yudha, A.Md.,Kep', 'Jln. Letjen S. Parman X/2, Jember\n', 'Laki - laki', '2022-01-20', '2022-01-17', 'Kontrak', 'D3 Keperawatan', 'II', 1),
('1994.2016.05.005', 'Putri Wahyu Wardani, A.Md.,Keb', 'Jln gunung kawi No. 42, Semboro - Jember\n', 'Perempuan', '2022-01-20', '2022-01-17', 'Kontrak', 'D3, Kebidanan', 'II', 1);

-- --------------------------------------------------------

--
-- Table structure for table `penilaian`
--

CREATE TABLE `penilaian` (
  `id_penilaian` int(11) NOT NULL,
  `nip` varchar(100) NOT NULL,
  `id_kriteria` int(11) NOT NULL,
  `id_nilai_kriteria` int(11) NOT NULL,
  `tanggal` date NOT NULL
) ENGINE=InnoDB DEFAULT CHARSET=latin1;

--
-- Dumping data for table `penilaian`
--

INSERT INTO `penilaian` (`id_penilaian`, `nip`, `id_kriteria`, `id_nilai_kriteria`, `tanggal`) VALUES
(1, '1990.2014.04.007', 2, 121, '2022-01-19'),
(2, '1990.2014.04.007', 4, 124, '2022-01-19'),
(3, '1990.2014.04.007', 6, 128, '2022-01-19'),
(4, '1990.2014.04.007', 7, 131, '2022-01-19'),
(5, '1990.2014.04.007', 8, 132, '2022-01-19'),
(6, '1990.2014.04.007', 9, 136, '2022-01-19'),
(7, '1990.2014.04.007', 10, 138, '2022-01-19'),
(8, '1990.2014.04.007', 11, 142, '2022-01-19'),
(9, '1990.2014.04.007', 12, 146, '2022-01-19'),
(10, '1990.2014.04.007', 13, 149, '2022-01-19'),
(11, '1990.2014.04.007', 14, 151, '2022-01-19'),
(12, '1990.2014.04.007', 15, 155, '2022-01-19'),
(13, '1990.2014.04.007', 16, 156, '2022-01-19'),
(14, '1990.2014.04.007', 17, 160, '2022-01-19'),
(15, '1990.2014.04.007', 18, 164, '2022-01-19'),
(16, '1990.2014.04.007', 19, 166, '2022-01-19'),
(17, '1990.2014.04.007', 20, 170, '2022-01-19'),
(18, '1990.2014.04.007', 21, 172, '2022-01-19'),
(19, '1990.2014.04.007', 22, 174, '2022-01-19'),
(20, '1990.2014.04.007', 29, 179, '2022-01-19'),
(21, '1992.2016.04.011', 2, 121, '2022-01-19'),
(22, '1992.2016.04.011', 4, 124, '2022-01-19'),
(23, '1992.2016.04.011', 6, 128, '2022-01-19'),
(24, '1992.2016.04.011', 7, 131, '2022-01-19'),
(25, '1992.2016.04.011', 8, 134, '2022-01-19'),
(26, '1992.2016.04.011', 9, 136, '2022-01-19'),
(27, '1992.2016.04.011', 10, 139, '2022-01-19'),
(28, '1992.2016.04.011', 11, 142, '2022-01-19'),
(29, '1992.2016.04.011', 12, 145, '2022-01-19'),
(30, '1992.2016.04.011', 13, 148, '2022-01-19'),
(31, '1992.2016.04.011', 14, 150, '2022-01-19'),
(32, '1992.2016.04.011', 15, 154, '2022-01-19'),
(33, '1992.2016.04.011', 16, 158, '2022-01-19'),
(34, '1992.2016.04.011', 17, 161, '2022-01-19'),
(35, '1992.2016.04.011', 18, 163, '2022-01-19'),
(36, '1992.2016.04.011', 19, 167, '2022-01-19'),
(37, '1992.2016.04.011', 20, 168, '2022-01-19'),
(38, '1992.2016.04.011', 21, 172, '2022-01-19'),
(39, '1992.2016.04.011', 22, 175, '2022-01-19'),
(40, '1992.2016.04.011', 29, 178, '2022-01-19'),
(41, '1965.2010.05.001', 2, 121, '2022-01-19'),
(42, '1965.2010.05.001', 4, 125, '2022-01-19'),
(43, '1965.2010.05.001', 6, 127, '2022-01-19'),
(44, '1965.2010.05.001', 7, 130, '2022-01-19'),
(45, '1965.2010.05.001', 8, 133, '2022-01-19'),
(46, '1965.2010.05.001', 9, 136, '2022-01-19'),
(47, '1965.2010.05.001', 10, 139, '2022-01-19'),
(48, '1965.2010.05.001', 11, 142, '2022-01-19'),
(49, '1965.2010.05.001', 12, 145, '2022-01-19'),
(50, '1965.2010.05.001', 13, 148, '2022-01-19'),
(51, '1965.2010.05.001', 14, 151, '2022-01-19'),
(52, '1965.2010.05.001', 15, 154, '2022-01-19'),
(53, '1965.2010.05.001', 16, 156, '2022-01-19'),
(54, '1965.2010.05.001', 17, 160, '2022-01-19'),
(55, '1965.2010.05.001', 18, 164, '2022-01-19'),
(56, '1965.2010.05.001', 19, 167, '2022-01-19'),
(57, '1965.2010.05.001', 20, 169, '2022-01-19'),
(58, '1965.2010.05.001', 21, 173, '2022-01-19'),
(59, '1965.2010.05.001', 22, 174, '2022-01-19'),
(60, '1965.2010.05.001', 29, 178, '2022-01-19'),
(61, '1986.2013.04.004', 2, 121, '2022-01-19'),
(62, '1986.2013.04.004', 4, 124, '2022-01-19'),
(63, '1986.2013.04.004', 6, 128, '2022-01-19'),
(64, '1986.2013.04.004', 7, 131, '2022-01-19'),
(65, '1986.2013.04.004', 8, 132, '2022-01-19'),
(66, '1986.2013.04.004', 9, 136, '2022-01-19'),
(67, '1986.2013.04.004', 10, 140, '2022-01-19'),
(68, '1986.2013.04.004', 11, 142, '2022-01-19'),
(69, '1986.2013.04.004', 12, 146, '2022-01-19'),
(70, '1986.2013.04.004', 13, 149, '2022-01-19'),
(71, '1986.2013.04.004', 14, 150, '2022-01-19'),
(72, '1986.2013.04.004', 15, 154, '2022-01-19'),
(73, '1986.2013.04.004', 16, 158, '2022-01-19'),
(74, '1986.2013.04.004', 17, 160, '2022-01-19'),
(75, '1986.2013.04.004', 18, 164, '2022-01-19'),
(76, '1986.2013.04.004', 19, 166, '2022-01-19'),
(77, '1986.2013.04.004', 20, 168, '2022-01-19'),
(78, '1986.2013.04.004', 21, 172, '2022-01-19'),
(79, '1986.2013.04.004', 22, 176, '2022-01-19'),
(80, '1986.2013.04.004', 29, 178, '2022-01-19'),
(81, '1984.2010.02.002', 2, 120, '2022-01-19'),
(82, '1984.2010.02.002', 4, 125, '2022-01-19'),
(83, '1984.2010.02.002', 6, 128, '2022-01-19'),
(84, '1984.2010.02.002', 7, 130, '2022-01-19'),
(85, '1984.2010.02.002', 8, 132, '2022-01-19'),
(86, '1984.2010.02.002', 9, 137, '2022-01-19'),
(87, '1984.2010.02.002', 10, 138, '2022-01-19'),
(88, '1984.2010.02.002', 11, 142, '2022-01-19'),
(89, '1984.2010.02.002', 12, 146, '2022-01-19'),
(90, '1984.2010.02.002', 13, 148, '2022-01-19'),
(91, '1984.2010.02.002', 14, 152, '2022-01-19'),
(92, '1984.2010.02.002', 15, 154, '2022-01-19'),
(93, '1984.2010.02.002', 16, 157, '2022-01-19'),
(94, '1984.2010.02.002', 17, 161, '2022-01-19'),
(95, '1984.2010.02.002', 18, 164, '2022-01-19'),
(96, '1984.2010.02.002', 19, 166, '2022-01-19'),
(97, '1984.2010.02.002', 20, 170, '2022-01-19'),
(98, '1984.2010.02.002', 21, 173, '2022-01-19'),
(99, '1984.2010.02.002', 22, 175, '2022-01-19'),
(100, '1984.2010.02.002', 29, 179, '2022-01-19'),
(101, '1981.2010.02.004', 2, 122, '2022-01-19'),
(102, '1981.2010.02.004', 4, 124, '2022-01-19'),
(103, '1981.2010.02.004', 6, 126, '2022-01-19'),
(104, '1981.2010.02.004', 7, 131, '2022-01-19'),
(105, '1981.2010.02.004', 8, 133, '2022-01-19'),
(106, '1981.2010.02.004', 9, 136, '2022-01-19'),
(107, '1981.2010.02.004', 10, 140, '2022-01-19'),
(108, '1981.2010.02.004', 11, 143, '2022-01-19'),
(109, '1981.2010.02.004', 12, 145, '2022-01-19'),
(110, '1981.2010.02.004', 13, 148, '2022-01-19'),
(111, '1981.2010.02.004', 14, 151, '2022-01-19'),
(112, '1981.2010.02.004', 15, 155, '2022-01-19'),
(113, '1981.2010.02.004', 16, 158, '2022-01-19'),
(114, '1981.2010.02.004', 17, 161, '2022-01-19'),
(115, '1981.2010.02.004', 18, 164, '2022-01-19'),
(116, '1981.2010.02.004', 19, 167, '2022-01-19'),
(117, '1981.2010.02.004', 20, 169, '2022-01-19'),
(118, '1981.2010.02.004', 21, 173, '2022-01-19'),
(119, '1981.2010.02.004', 22, 175, '2022-01-19'),
(120, '1981.2010.02.004', 29, 179, '2022-01-19'),
(121, '1989.2013.02.005', 2, 121, '2022-01-19'),
(122, '1989.2013.02.005', 4, 123, '2022-01-19'),
(123, '1989.2013.02.005', 6, 128, '2022-01-19'),
(124, '1989.2013.02.005', 7, 129, '2022-01-19'),
(125, '1989.2013.02.005', 8, 134, '2022-01-19'),
(126, '1989.2013.02.005', 9, 137, '2022-01-19'),
(127, '1989.2013.02.005', 10, 138, '2022-01-19'),
(128, '1989.2013.02.005', 11, 141, '2022-01-19'),
(129, '1989.2013.02.005', 12, 146, '2022-01-19'),
(130, '1989.2013.02.005', 13, 149, '2022-01-19'),
(131, '1989.2013.02.005', 14, 151, '2022-01-19'),
(132, '1989.2013.02.005', 15, 155, '2022-01-19'),
(133, '1989.2013.02.005', 16, 156, '2022-01-19'),
(134, '1989.2013.02.005', 17, 161, '2022-01-19'),
(135, '1989.2013.02.005', 18, 163, '2022-01-19'),
(136, '1989.2013.02.005', 19, 166, '2022-01-19'),
(137, '1989.2013.02.005', 20, 170, '2022-01-19'),
(138, '1989.2013.02.005', 21, 173, '2022-01-19'),
(139, '1989.2013.02.005', 22, 176, '2022-01-19'),
(140, '1989.2013.02.005', 29, 178, '2022-01-19'),
(141, '1981.2006.02.001', 2, 122, '2022-01-19'),
(142, '1981.2006.02.001', 4, 123, '2022-01-19'),
(143, '1981.2006.02.001', 6, 127, '2022-01-19'),
(144, '1981.2006.02.001', 7, 129, '2022-01-19'),
(145, '1981.2006.02.001', 8, 134, '2022-01-19'),
(146, '1981.2006.02.001', 9, 136, '2022-01-19'),
(147, '1981.2006.02.001', 10, 138, '2022-01-19'),
(148, '1981.2006.02.001', 11, 141, '2022-01-19'),
(149, '1981.2006.02.001', 12, 145, '2022-01-19'),
(150, '1981.2006.02.001', 13, 149, '2022-01-19'),
(151, '1981.2006.02.001', 14, 151, '2022-01-19'),
(152, '1981.2006.02.001', 15, 155, '2022-01-19'),
(153, '1981.2006.02.001', 16, 158, '2022-01-19'),
(154, '1981.2006.02.001', 17, 161, '2022-01-19'),
(155, '1981.2006.02.001', 18, 163, '2022-01-19'),
(156, '1981.2006.02.001', 19, 167, '2022-01-19'),
(157, '1981.2006.02.001', 20, 169, '2022-01-19'),
(158, '1981.2006.02.001', 21, 173, '2022-01-19'),
(159, '1981.2006.02.001', 22, 176, '2022-01-19'),
(160, '1981.2006.02.001', 29, 178, '2022-01-19'),
(161, '1984.2010.02.003', 2, 120, '2022-01-19'),
(162, '1984.2010.02.003', 4, 124, '2022-01-19'),
(163, '1984.2010.02.003', 6, 128, '2022-01-19'),
(164, '1984.2010.02.003', 7, 130, '2022-01-19'),
(165, '1984.2010.02.003', 8, 132, '2022-01-19'),
(166, '1984.2010.02.003', 9, 135, '2022-01-19'),
(167, '1984.2010.02.003', 10, 140, '2022-01-19'),
(168, '1984.2010.02.003', 11, 143, '2022-01-19'),
(169, '1984.2010.02.003', 12, 144, '2022-01-19'),
(170, '1984.2010.02.003', 13, 149, '2022-01-19'),
(171, '1984.2010.02.003', 14, 150, '2022-01-19'),
(172, '1984.2010.02.003', 15, 155, '2022-01-19'),
(173, '1984.2010.02.003', 16, 157, '2022-01-19'),
(174, '1984.2010.02.003', 17, 160, '2022-01-19'),
(175, '1984.2010.02.003', 18, 163, '2022-01-19'),
(176, '1984.2010.02.003', 19, 167, '2022-01-19'),
(177, '1984.2010.02.003', 20, 169, '2022-01-19'),
(178, '1984.2010.02.003', 21, 173, '2022-01-19'),
(179, '1984.2010.02.003', 22, 176, '2022-01-19'),
(180, '1984.2010.02.003', 29, 178, '2022-01-19'),
(181, '1993.2019.02.008', 2, 120, '2022-01-19'),
(182, '1993.2019.02.008', 4, 123, '2022-01-19'),
(183, '1993.2019.02.008', 6, 127, '2022-01-19'),
(184, '1993.2019.02.008', 7, 129, '2022-01-19'),
(185, '1993.2019.02.008', 8, 134, '2022-01-19'),
(186, '1993.2019.02.008', 9, 135, '2022-01-19'),
(187, '1993.2019.02.008', 10, 139, '2022-01-19'),
(188, '1993.2019.02.008', 11, 143, '2022-01-19'),
(189, '1993.2019.02.008', 12, 144, '2022-01-19'),
(190, '1993.2019.02.008', 13, 147, '2022-01-19'),
(191, '1993.2019.02.008', 14, 151, '2022-01-19'),
(192, '1993.2019.02.008', 15, 155, '2022-01-19'),
(193, '1993.2019.02.008', 16, 156, '2022-01-19'),
(194, '1993.2019.02.008', 17, 161, '2022-01-19'),
(195, '1993.2019.02.008', 18, 163, '2022-01-19'),
(196, '1993.2019.02.008', 19, 167, '2022-01-19'),
(197, '1993.2019.02.008', 20, 169, '2022-01-19'),
(198, '1993.2019.02.008', 21, 173, '2022-01-19'),
(199, '1993.2019.02.008', 22, 175, '2022-01-19'),
(200, '1993.2019.02.008', 29, 179, '2022-01-19'),
(201, '1989.2015.02.006', 2, 120, '2022-01-19'),
(202, '1989.2015.02.006', 4, 125, '2022-01-19'),
(203, '1989.2015.02.006', 6, 127, '2022-01-19'),
(204, '1989.2015.02.006', 7, 129, '2022-01-19'),
(205, '1989.2015.02.006', 8, 133, '2022-01-19'),
(206, '1989.2015.02.006', 9, 137, '2022-01-19'),
(207, '1989.2015.02.006', 10, 139, '2022-01-19'),
(208, '1989.2015.02.006', 11, 141, '2022-01-19'),
(209, '1989.2015.02.006', 12, 144, '2022-01-19'),
(210, '1989.2015.02.006', 13, 149, '2022-01-19'),
(211, '1989.2015.02.006', 14, 150, '2022-01-19'),
(212, '1989.2015.02.006', 15, 155, '2022-01-19'),
(213, '1989.2015.02.006', 16, 157, '2022-01-19'),
(214, '1989.2015.02.006', 17, 159, '2022-01-19'),
(215, '1989.2015.02.006', 18, 163, '2022-01-19'),
(216, '1989.2015.02.006', 19, 166, '2022-01-19'),
(217, '1989.2015.02.006', 20, 169, '2022-01-19'),
(218, '1989.2015.02.006', 21, 173, '2022-01-19'),
(219, '1989.2015.02.006', 22, 175, '2022-01-19'),
(220, '1989.2015.02.006', 29, 179, '2022-01-19'),
(221, '1990.2015.02.007', 2, 121, '2022-01-19'),
(222, '1990.2015.02.007', 4, 124, '2022-01-19'),
(223, '1990.2015.02.007', 6, 126, '2022-01-19'),
(224, '1990.2015.02.007', 7, 131, '2022-01-19'),
(225, '1990.2015.02.007', 8, 134, '2022-01-19'),
(226, '1990.2015.02.007', 9, 136, '2022-01-19'),
(227, '1990.2015.02.007', 10, 138, '2022-01-19'),
(228, '1990.2015.02.007', 11, 141, '2022-01-19'),
(229, '1990.2015.02.007', 12, 146, '2022-01-19'),
(230, '1990.2015.02.007', 13, 149, '2022-01-19'),
(231, '1990.2015.02.007', 14, 152, '2022-01-19'),
(232, '1990.2015.02.007', 15, 153, '2022-01-19'),
(233, '1990.2015.02.007', 16, 157, '2022-01-19'),
(234, '1990.2015.02.007', 17, 160, '2022-01-19'),
(235, '1990.2015.02.007', 18, 164, '2022-01-19'),
(236, '1990.2015.02.007', 19, 166, '2022-01-19'),
(237, '1990.2015.02.007', 20, 170, '2022-01-19'),
(238, '1990.2015.02.007', 21, 173, '2022-01-19'),
(239, '1990.2015.02.007', 22, 176, '2022-01-19'),
(240, '1990.2015.02.007', 29, 178, '2022-01-19'),
(241, '1981.2013.03.001', 2, 121, '2022-01-19'),
(242, '1981.2013.03.001', 4, 124, '2022-01-19'),
(243, '1981.2013.03.001', 6, 127, '2022-01-19'),
(244, '1981.2013.03.001', 7, 130, '2022-01-19'),
(245, '1981.2013.03.001', 8, 133, '2022-01-19'),
(246, '1981.2013.03.001', 9, 136, '2022-01-19'),
(247, '1981.2013.03.001', 10, 139, '2022-01-19'),
(248, '1981.2013.03.001', 11, 142, '2022-01-19'),
(249, '1981.2013.03.001', 12, 145, '2022-01-19'),
(250, '1981.2013.03.001', 13, 148, '2022-01-19'),
(251, '1981.2013.03.001', 14, 151, '2022-01-19'),
(252, '1981.2013.03.001', 15, 154, '2022-01-19'),
(253, '1981.2013.03.001', 16, 157, '2022-01-19'),
(254, '1981.2013.03.001', 17, 160, '2022-01-19'),
(255, '1981.2013.03.001', 18, 163, '2022-01-19'),
(256, '1981.2013.03.001', 19, 166, '2022-01-19'),
(257, '1981.2013.03.001', 20, 169, '2022-01-19'),
(258, '1981.2013.03.001', 21, 172, '2022-01-19'),
(259, '1981.2013.03.001', 22, 175, '2022-01-19'),
(260, '1981.2013.03.001', 29, 178, '2022-01-19'),
(261, '1984.2016.03.003', 2, 122, '2022-01-19'),
(262, '1984.2016.03.003', 4, 124, '2022-01-19'),
(263, '1984.2016.03.003', 6, 128, '2022-01-19'),
(264, '1984.2016.03.003', 7, 131, '2022-01-19'),
(265, '1984.2016.03.003', 8, 134, '2022-01-19'),
(266, '1984.2016.03.003', 9, 137, '2022-01-19'),
(267, '1984.2016.03.003', 10, 140, '2022-01-19'),
(268, '1984.2016.03.003', 11, 142, '2022-01-19'),
(269, '1984.2016.03.003', 12, 145, '2022-01-19'),
(270, '1984.2016.03.003', 13, 149, '2022-01-19'),
(271, '1984.2016.03.003', 14, 150, '2022-01-19'),
(272, '1984.2016.03.003', 15, 155, '2022-01-19'),
(273, '1984.2016.03.003', 16, 158, '2022-01-19'),
(274, '1984.2016.03.003', 17, 160, '2022-01-19'),
(275, '1984.2016.03.003', 18, 164, '2022-01-19'),
(276, '1984.2016.03.003', 19, 167, '2022-01-19'),
(277, '1984.2016.03.003', 20, 169, '2022-01-19'),
(278, '1984.2016.03.003', 21, 172, '2022-01-19'),
(279, '1984.2016.03.003', 22, 175, '2022-01-19'),
(280, '1984.2016.03.003', 29, 178, '2022-01-19'),
(281, '1984.2015.03.002', 2, 120, '2022-01-19'),
(282, '1984.2015.03.002', 4, 123, '2022-01-19'),
(283, '1984.2015.03.002', 6, 126, '2022-01-19'),
(284, '1984.2015.03.002', 7, 129, '2022-01-19'),
(285, '1984.2015.03.002', 8, 132, '2022-01-19'),
(286, '1984.2015.03.002', 9, 135, '2022-01-19'),
(287, '1984.2015.03.002', 10, 138, '2022-01-19'),
(288, '1984.2015.03.002', 11, 141, '2022-01-19'),
(289, '1984.2015.03.002', 12, 144, '2022-01-19'),
(290, '1984.2015.03.002', 13, 147, '2022-01-19'),
(291, '1984.2015.03.002', 14, 150, '2022-01-19'),
(292, '1984.2015.03.002', 15, 153, '2022-01-19'),
(293, '1984.2015.03.002', 16, 156, '2022-01-19'),
(294, '1984.2015.03.002', 17, 159, '2022-01-19'),
(295, '1984.2015.03.002', 18, 162, '2022-01-19'),
(296, '1984.2015.03.002', 19, 165, '2022-01-19'),
(297, '1984.2015.03.002', 20, 168, '2022-01-19'),
(298, '1984.2015.03.002', 21, 171, '2022-01-19'),
(299, '1984.2015.03.002', 22, 174, '2022-01-19'),
(300, '1984.2015.03.002', 29, 178, '2022-01-19'),
(301, '1988.2018.03.004', 2, 121, '2022-01-19'),
(302, '1988.2018.03.004', 4, 125, '2022-01-19'),
(303, '1988.2018.03.004', 6, 128, '2022-01-19'),
(304, '1988.2018.03.004', 7, 131, '2022-01-19'),
(305, '1988.2018.03.004', 8, 134, '2022-01-19'),
(306, '1988.2018.03.004', 9, 137, '2022-01-19'),
(307, '1988.2018.03.004', 10, 140, '2022-01-19'),
(308, '1988.2018.03.004', 11, 142, '2022-01-19'),
(309, '1988.2018.03.004', 12, 146, '2022-01-19'),
(310, '1988.2018.03.004', 13, 149, '2022-01-19'),
(311, '1988.2018.03.004', 14, 151, '2022-01-19'),
(312, '1988.2018.03.004', 15, 153, '2022-01-19'),
(313, '1988.2018.03.004', 16, 157, '2022-01-19'),
(314, '1988.2018.03.004', 17, 161, '2022-01-19'),
(315, '1988.2018.03.004', 18, 163, '2022-01-19'),
(316, '1988.2018.03.004', 19, 166, '2022-01-19'),
(317, '1988.2018.03.004', 20, 170, '2022-01-19'),
(318, '1988.2018.03.004', 21, 172, '2022-01-19'),
(319, '1988.2018.03.004', 22, 175, '2022-01-19'),
(320, '1988.2018.03.004', 29, 177, '2022-01-19'),
(321, '1991.2019.03.005', 2, 120, '2022-01-19'),
(322, '1991.2019.03.005', 4, 124, '2022-01-19'),
(323, '1991.2019.03.005', 6, 128, '2022-01-19'),
(324, '1991.2019.03.005', 7, 129, '2022-01-19'),
(325, '1991.2019.03.005', 8, 134, '2022-01-19'),
(326, '1991.2019.03.005', 9, 137, '2022-01-19'),
(327, '1991.2019.03.005', 10, 139, '2022-01-19'),
(328, '1991.2019.03.005', 11, 143, '2022-01-19'),
(329, '1991.2019.03.005', 12, 145, '2022-01-19'),
(330, '1991.2019.03.005', 13, 149, '2022-01-19'),
(331, '1991.2019.03.005', 14, 152, '2022-01-19'),
(332, '1991.2019.03.005', 15, 154, '2022-01-19'),
(333, '1991.2019.03.005', 16, 156, '2022-01-19'),
(334, '1991.2019.03.005', 17, 160, '2022-01-19'),
(335, '1991.2019.03.005', 18, 164, '2022-01-19'),
(336, '1991.2019.03.005', 19, 166, '2022-01-19'),
(337, '1991.2019.03.005', 20, 169, '2022-01-19'),
(338, '1991.2019.03.005', 21, 173, '2022-01-19'),
(339, '1991.2019.03.005', 22, 175, '2022-01-19'),
(340, '1991.2019.03.005', 29, 178, '2022-01-19'),
(341, '1989.2013.04.005', 2, 121, '2022-01-19'),
(342, '1989.2013.04.005', 4, 124, '2022-01-19'),
(343, '1989.2013.04.005', 6, 127, '2022-01-19'),
(344, '1989.2013.04.005', 7, 129, '2022-01-19'),
(345, '1989.2013.04.005', 8, 132, '2022-01-19'),
(346, '1989.2013.04.005', 9, 135, '2022-01-19'),
(347, '1989.2013.04.005', 10, 139, '2022-01-19'),
(348, '1989.2013.04.005', 11, 142, '2022-01-19'),
(349, '1989.2013.04.005', 12, 146, '2022-01-19'),
(350, '1989.2013.04.005', 13, 149, '2022-01-19'),
(351, '1989.2013.04.005', 14, 152, '2022-01-19'),
(352, '1989.2013.04.005', 15, 153, '2022-01-19'),
(353, '1989.2013.04.005', 16, 157, '2022-01-19'),
(354, '1989.2013.04.005', 17, 161, '2022-01-19'),
(355, '1989.2013.04.005', 18, 163, '2022-01-19'),
(356, '1989.2013.04.005', 19, 167, '2022-01-19'),
(357, '1989.2013.04.005', 20, 169, '2022-01-19'),
(358, '1989.2013.04.005', 21, 171, '2022-01-19'),
(359, '1989.2013.04.005', 22, 175, '2022-01-19'),
(360, '1989.2013.04.005', 29, 179, '2022-01-19'),
(361, '1989.2016.04.008', 2, 122, '2022-01-19'),
(362, '1989.2016.04.008', 4, 124, '2022-01-19'),
(363, '1989.2016.04.008', 6, 128, '2022-01-19'),
(364, '1989.2016.04.008', 7, 131, '2022-01-19'),
(365, '1989.2016.04.008', 8, 133, '2022-01-19'),
(366, '1989.2016.04.008', 9, 137, '2022-01-19'),
(367, '1989.2016.04.008', 10, 139, '2022-01-19'),
(368, '1989.2016.04.008', 11, 141, '2022-01-19'),
(369, '1989.2016.04.008', 12, 145, '2022-01-19'),
(370, '1989.2016.04.008', 13, 149, '2022-01-19'),
(371, '1989.2016.04.008', 14, 152, '2022-01-19'),
(372, '1989.2016.04.008', 15, 154, '2022-01-19'),
(373, '1989.2016.04.008', 16, 158, '2022-01-19'),
(374, '1989.2016.04.008', 17, 159, '2022-01-19'),
(375, '1989.2016.04.008', 18, 163, '2022-01-19'),
(376, '1989.2016.04.008', 19, 167, '2022-01-19'),
(377, '1989.2016.04.008', 20, 169, '2022-01-19'),
(378, '1989.2016.04.008', 21, 173, '2022-01-19'),
(379, '1989.2016.04.008', 22, 175, '2022-01-19'),
(380, '1989.2016.04.008', 29, 179, '2022-01-19'),
(381, '1990.2013.05.003', 2, 122, '2022-01-19'),
(382, '1990.2013.05.003', 4, 124, '2022-01-19'),
(383, '1990.2013.05.003', 6, 127, '2022-01-19'),
(384, '1990.2013.05.003', 7, 130, '2022-01-19'),
(385, '1990.2013.05.003', 8, 133, '2022-01-19'),
(386, '1990.2013.05.003', 9, 136, '2022-01-19'),
(387, '1990.2013.05.003', 10, 139, '2022-01-19'),
(388, '1990.2013.05.003', 11, 142, '2022-01-19'),
(389, '1990.2013.05.003', 12, 145, '2022-01-19'),
(390, '1990.2013.05.003', 13, 148, '2022-01-19'),
(391, '1990.2013.05.003', 14, 151, '2022-01-19'),
(392, '1990.2013.05.003', 15, 153, '2022-01-19'),
(393, '1990.2013.05.003', 16, 157, '2022-01-19'),
(394, '1990.2013.05.003', 17, 159, '2022-01-19'),
(395, '1990.2013.05.003', 18, 163, '2022-01-19'),
(396, '1990.2013.05.003', 19, 167, '2022-01-19'),
(397, '1990.2013.05.003', 20, 170, '2022-01-19'),
(398, '1990.2013.05.003', 21, 172, '2022-01-19'),
(399, '1990.2013.05.003', 22, 176, '2022-01-19'),
(400, '1990.2013.05.003', 29, 178, '2022-01-19'),
(401, '1991.2016.04.009', 2, 121, '2022-01-19'),
(402, '1991.2016.04.009', 4, 124, '2022-01-19'),
(403, '1991.2016.04.009', 6, 128, '2022-01-19'),
(404, '1991.2016.04.009', 7, 130, '2022-01-19'),
(405, '1991.2016.04.009', 8, 134, '2022-01-19'),
(406, '1991.2016.04.009', 9, 137, '2022-01-19'),
(407, '1991.2016.04.009', 10, 139, '2022-01-19'),
(408, '1991.2016.04.009', 11, 142, '2022-01-19'),
(409, '1991.2016.04.009', 12, 144, '2022-01-19'),
(410, '1991.2016.04.009', 13, 148, '2022-01-19'),
(411, '1991.2016.04.009', 14, 152, '2022-01-19'),
(412, '1991.2016.04.009', 15, 155, '2022-01-19'),
(413, '1991.2016.04.009', 16, 157, '2022-01-19'),
(414, '1991.2016.04.009', 17, 161, '2022-01-19'),
(415, '1991.2016.04.009', 18, 162, '2022-01-19'),
(416, '1991.2016.04.009', 19, 166, '2022-01-19'),
(417, '1991.2016.04.009', 20, 170, '2022-01-19'),
(418, '1991.2016.04.009', 21, 172, '2022-01-19'),
(419, '1991.2016.04.009', 22, 176, '2022-01-19'),
(420, '1991.2016.04.009', 29, 178, '2022-01-19'),
(421, '1991,2019,04,014', 2, 122, '2022-01-19'),
(422, '1991,2019,04,014', 4, 124, '2022-01-19'),
(423, '1991,2019,04,014', 6, 127, '2022-01-19'),
(424, '1991,2019,04,014', 7, 130, '2022-01-19'),
(425, '1991,2019,04,014', 8, 133, '2022-01-19'),
(426, '1991,2019,04,014', 9, 136, '2022-01-19'),
(427, '1991,2019,04,014', 10, 139, '2022-01-19'),
(428, '1991,2019,04,014', 11, 142, '2022-01-19'),
(429, '1991,2019,04,014', 12, 145, '2022-01-19'),
(430, '1991,2019,04,014', 13, 149, '2022-01-19'),
(431, '1991,2019,04,014', 14, 151, '2022-01-19'),
(432, '1991,2019,04,014', 15, 154, '2022-01-19'),
(433, '1991,2019,04,014', 16, 158, '2022-01-19'),
(434, '1991,2019,04,014', 17, 159, '2022-01-19'),
(435, '1991,2019,04,014', 18, 163, '2022-01-19'),
(436, '1991,2019,04,014', 19, 166, '2022-01-19'),
(437, '1991,2019,04,014', 20, 170, '2022-01-19'),
(438, '1991,2019,04,014', 21, 171, '2022-01-19'),
(439, '1991,2019,04,014', 22, 174, '2022-01-19'),
(440, '1991,2019,04,014', 29, 178, '2022-01-19'),
(441, '1994.2016.05.005', 2, 121, '2022-01-19'),
(442, '1994.2016.05.005', 4, 124, '2022-01-19'),
(443, '1994.2016.05.005', 6, 127, '2022-01-19'),
(444, '1994.2016.05.005', 7, 130, '2022-01-19'),
(445, '1994.2016.05.005', 8, 133, '2022-01-19'),
(446, '1994.2016.05.005', 9, 136, '2022-01-19'),
(447, '1994.2016.05.005', 10, 139, '2022-01-19'),
(448, '1994.2016.05.005', 11, 142, '2022-01-19'),
(449, '1994.2016.05.005', 12, 145, '2022-01-19'),
(450, '1994.2016.05.005', 13, 147, '2022-01-19'),
(451, '1994.2016.05.005', 14, 151, '2022-01-19'),
(452, '1994.2016.05.005', 15, 154, '2022-01-19'),
(453, '1994.2016.05.005', 16, 157, '2022-01-19'),
(454, '1994.2016.05.005', 17, 160, '2022-01-19'),
(455, '1994.2016.05.005', 18, 163, '2022-01-19'),
(456, '1994.2016.05.005', 19, 165, '2022-01-19'),
(457, '1994.2016.05.005', 20, 169, '2022-01-19'),
(458, '1994.2016.05.005', 21, 173, '2022-01-19'),
(459, '1994.2016.05.005', 22, 176, '2022-01-19'),
(460, '1994.2016.05.005', 29, 178, '2022-01-19'),
(461, '1994.2016.04.012', 2, 121, '2022-01-19'),
(462, '1994.2016.04.012', 4, 125, '2022-01-19'),
(463, '1994.2016.04.012', 6, 128, '2022-01-19'),
(464, '1994.2016.04.012', 7, 130, '2022-01-19'),
(465, '1994.2016.04.012', 8, 133, '2022-01-19'),
(466, '1994.2016.04.012', 9, 136, '2022-01-19'),
(467, '1994.2016.04.012', 10, 139, '2022-01-19'),
(468, '1994.2016.04.012', 11, 142, '2022-01-19'),
(469, '1994.2016.04.012', 12, 145, '2022-01-19'),
(470, '1994.2016.04.012', 13, 148, '2022-01-19'),
(471, '1994.2016.04.012', 14, 151, '2022-01-19'),
(472, '1994.2016.04.012', 15, 153, '2022-01-19'),
(473, '1994.2016.04.012', 16, 157, '2022-01-19'),
(474, '1994.2016.04.012', 17, 161, '2022-01-19'),
(475, '1994.2016.04.012', 18, 164, '2022-01-19'),
(476, '1994.2016.04.012', 19, 166, '2022-01-19'),
(477, '1994.2016.04.012', 20, 170, '2022-01-19'),
(478, '1994.2016.04.012', 21, 171, '2022-01-19'),
(479, '1994.2016.04.012', 22, 175, '2022-01-19'),
(480, '1994.2016.04.012', 29, 178, '2022-01-19'),
(481, '1987.2010.04.001', 2, 122, '2022-01-19'),
(482, '1987.2010.04.001', 4, 123, '2022-01-19'),
(483, '1987.2010.04.001', 6, 127, '2022-01-19'),
(484, '1987.2010.04.001', 7, 131, '2022-01-19'),
(485, '1987.2010.04.001', 8, 132, '2022-01-19'),
(486, '1987.2010.04.001', 9, 137, '2022-01-19'),
(487, '1987.2010.04.001', 10, 140, '2022-01-19'),
(488, '1987.2010.04.001', 11, 142, '2022-01-19'),
(489, '1987.2010.04.001', 12, 146, '2022-01-19'),
(490, '1987.2010.04.001', 13, 149, '2022-01-19'),
(491, '1987.2010.04.001', 14, 151, '2022-01-19'),
(492, '1987.2010.04.001', 15, 155, '2022-01-19'),
(493, '1987.2010.04.001', 16, 157, '2022-01-19'),
(494, '1987.2010.04.001', 17, 159, '2022-01-19'),
(495, '1987.2010.04.001', 18, 163, '2022-01-19'),
(496, '1987.2010.04.001', 19, 167, '2022-01-19'),
(497, '1987.2010.04.001', 20, 169, '2022-01-19'),
(498, '1987.2010.04.001', 21, 172, '2022-01-19'),
(499, '1987.2010.04.001', 22, 176, '2022-01-19'),
(500, '1987.2010.04.001', 29, 178, '2022-01-19'),
(501, '1985.2010.04.003', 2, 122, '2022-01-19'),
(502, '1985.2010.04.003', 4, 124, '2022-01-19'),
(503, '1985.2010.04.003', 6, 128, '2022-01-19'),
(504, '1985.2010.04.003', 7, 129, '2022-01-19'),
(505, '1985.2010.04.003', 8, 133, '2022-01-19'),
(506, '1985.2010.04.003', 9, 137, '2022-01-19'),
(507, '1985.2010.04.003', 10, 139, '2022-01-19'),
(508, '1985.2010.04.003', 11, 143, '2022-01-19'),
(509, '1985.2010.04.003', 12, 146, '2022-01-19'),
(510, '1985.2010.04.003', 13, 149, '2022-01-19'),
(511, '1985.2010.04.003', 14, 151, '2022-01-19'),
(512, '1985.2010.04.003', 15, 154, '2022-01-19'),
(513, '1985.2010.04.003', 16, 157, '2022-01-19'),
(514, '1985.2010.04.003', 17, 161, '2022-01-19'),
(515, '1985.2010.04.003', 18, 163, '2022-01-19'),
(516, '1985.2010.04.003', 19, 165, '2022-01-19'),
(517, '1985.2010.04.003', 20, 169, '2022-01-19'),
(518, '1985.2010.04.003', 21, 173, '2022-01-19'),
(519, '1985.2010.04.003', 22, 175, '2022-01-19'),
(520, '1985.2010.04.003', 29, 178, '2022-01-19'),
(521, '1993.2016.04.010', 2, 122, '2022-01-19'),
(522, '1993.2016.04.010', 4, 125, '2022-01-19'),
(523, '1993.2016.04.010', 6, 127, '2022-01-19'),
(524, '1993.2016.04.010', 7, 131, '2022-01-19'),
(525, '1993.2016.04.010', 8, 133, '2022-01-19'),
(526, '1993.2016.04.010', 9, 136, '2022-01-19'),
(527, '1993.2016.04.010', 10, 139, '2022-01-19'),
(528, '1993.2016.04.010', 11, 142, '2022-01-19'),
(529, '1993.2016.04.010', 12, 145, '2022-01-19'),
(530, '1993.2016.04.010', 13, 147, '2022-01-19'),
(531, '1993.2016.04.010', 14, 151, '2022-01-19'),
(532, '1993.2016.04.010', 15, 155, '2022-01-19'),
(533, '1993.2016.04.010', 16, 158, '2022-01-19'),
(534, '1993.2016.04.010', 17, 160, '2022-01-19'),
(535, '1993.2016.04.010', 18, 164, '2022-01-19'),
(536, '1993.2016.04.010', 19, 165, '2022-01-19'),
(537, '1993.2016.04.010', 20, 169, '2022-01-19'),
(538, '1993.2016.04.010', 21, 173, '2022-01-19'),
(539, '1993.2016.04.010', 22, 175, '2022-01-19'),
(540, '1993.2016.04.010', 29, 178, '2022-01-19'),
(541, '1992.2017.04.013', 2, 121, '2022-01-19'),
(542, '1992.2017.04.013', 4, 124, '2022-01-19'),
(543, '1992.2017.04.013', 6, 128, '2022-01-19'),
(544, '1992.2017.04.013', 7, 130, '2022-01-19'),
(545, '1992.2017.04.013', 8, 133, '2022-01-19'),
(546, '1992.2017.04.013', 9, 136, '2022-01-19'),
(547, '1992.2017.04.013', 10, 139, '2022-01-19'),
(548, '1992.2017.04.013', 11, 142, '2022-01-19'),
(549, '1992.2017.04.013', 12, 145, '2022-01-19'),
(550, '1992.2017.04.013', 13, 148, '2022-01-19'),
(551, '1992.2017.04.013', 14, 151, '2022-01-19'),
(552, '1992.2017.04.013', 15, 154, '2022-01-19'),
(553, '1992.2017.04.013', 16, 156, '2022-01-19'),
(554, '1992.2017.04.013', 17, 160, '2022-01-19'),
(555, '1992.2017.04.013', 18, 164, '2022-01-19'),
(556, '1992.2017.04.013', 19, 167, '2022-01-19'),
(557, '1992.2017.04.013', 20, 169, '2022-01-19'),
(558, '1992.2017.04.013', 21, 173, '2022-01-19'),
(559, '1992.2017.04.013', 22, 174, '2022-01-19'),
(560, '1992.2017.04.013', 29, 178, '2022-01-19'),
(581, '1987.2010.04.002', 2, 121, '2022-01-19'),
(582, '1987.2010.04.002', 4, 125, '2022-01-19'),
(583, '1987.2010.04.002', 6, 126, '2022-01-19'),
(584, '1987.2010.04.002', 7, 130, '2022-01-19'),
(585, '1987.2010.04.002', 8, 134, '2022-01-19'),
(586, '1987.2010.04.002', 9, 137, '2022-01-19'),
(587, '1987.2010.04.002', 10, 139, '2022-01-19'),
(588, '1987.2010.04.002', 11, 142, '2022-01-19'),
(589, '1987.2010.04.002', 12, 146, '2022-01-19'),
(590, '1987.2010.04.002', 13, 149, '2022-01-19'),
(591, '1987.2010.04.002', 14, 152, '2022-01-19'),
(592, '1987.2010.04.002', 15, 155, '2022-01-19'),
(593, '1987.2010.04.002', 16, 158, '2022-01-19'),
(594, '1987.2010.04.002', 17, 160, '2022-01-19'),
(595, '1987.2010.04.002', 18, 162, '2022-01-19'),
(596, '1987.2010.04.002', 19, 166, '2022-01-19'),
(597, '1987.2010.04.002', 20, 170, '2022-01-19'),
(598, '1987.2010.04.002', 21, 172, '2022-01-19'),
(599, '1987.2010.04.002', 22, 175, '2022-01-19'),
(600, '1987.2010.04.002', 29, 179, '2022-01-19');

-- --------------------------------------------------------

--
-- Table structure for table `user`
--

CREATE TABLE `user` (
  `id_user` int(11) NOT NULL,
  `nip` varchar(100) DEFAULT NULL,
  `nama` varchar(255) NOT NULL,
  `username` varchar(100) NOT NULL,
  `password` varchar(100) NOT NULL,
  `is_admin` int(11) NOT NULL
) ENGINE=InnoDB DEFAULT CHARSET=latin1;

--
-- Dumping data for table `user`
--

INSERT INTO `user` (`id_user`, `nip`, `nama`, `username`, `password`, `is_admin`) VALUES
(1, '1234', 'admin', 'admin', 'd033e22ae348aeb5660fc2140aec35850c4da997', 1),
(2, '12345', 'Petugas1', 'petugas1', '7110eda4d09e062aa5e4a390b0a572ac0d2c0220', 2),
(3, '123456', 'Petugas2', 'petugas2', '7110eda4d09e062aa5e4a390b0a572ac0d2c0220', 3);

--
-- Indexes for dumped tables
--

--
-- Indexes for table `bobot`
--
ALTER TABLE `bobot`
  ADD PRIMARY KEY (`id_bobot`),
  ADD KEY `id_kriteria` (`id_kriteria`);

--
-- Indexes for table `hasil`
--
ALTER TABLE `hasil`
  ADD PRIMARY KEY (`id_hasil`),
  ADD KEY `nip` (`nip`);

--
-- Indexes for table `kriteria`
--
ALTER TABLE `kriteria`
  ADD PRIMARY KEY (`id_kriteria`);

--
-- Indexes for table `nilai_kriteria`
--
ALTER TABLE `nilai_kriteria`
  ADD PRIMARY KEY (`id_nilai_kriteria`),
  ADD KEY `id_kriteria` (`id_kriteria`);

--
-- Indexes for table `pegawai`
--
ALTER TABLE `pegawai`
  ADD PRIMARY KEY (`nip`);

--
-- Indexes for table `penilaian`
--
ALTER TABLE `penilaian`
  ADD PRIMARY KEY (`id_penilaian`),
  ADD KEY `id_kriteria` (`id_kriteria`),
  ADD KEY `id_nilai_kriteria` (`id_nilai_kriteria`),
  ADD KEY `nip` (`nip`);

--
-- Indexes for table `user`
--
ALTER TABLE `user`
  ADD PRIMARY KEY (`id_user`),
  ADD KEY `nip` (`nip`);

--
-- AUTO_INCREMENT for dumped tables
--

--
-- AUTO_INCREMENT for table `bobot`
--
ALTER TABLE `bobot`
  MODIFY `id_bobot` int(11) NOT NULL AUTO_INCREMENT, AUTO_INCREMENT=32;

--
-- AUTO_INCREMENT for table `hasil`
--
ALTER TABLE `hasil`
  MODIFY `id_hasil` int(11) NOT NULL AUTO_INCREMENT, AUTO_INCREMENT=31;

--
-- AUTO_INCREMENT for table `kriteria`
--
ALTER TABLE `kriteria`
  MODIFY `id_kriteria` int(11) NOT NULL AUTO_INCREMENT, AUTO_INCREMENT=32;

--
-- AUTO_INCREMENT for table `nilai_kriteria`
--
ALTER TABLE `nilai_kriteria`
  MODIFY `id_nilai_kriteria` int(11) NOT NULL AUTO_INCREMENT, AUTO_INCREMENT=180;

--
-- AUTO_INCREMENT for table `penilaian`
--
ALTER TABLE `penilaian`
  MODIFY `id_penilaian` int(11) NOT NULL AUTO_INCREMENT, AUTO_INCREMENT=601;

--
-- AUTO_INCREMENT for table `user`
--
ALTER TABLE `user`
  MODIFY `id_user` int(11) NOT NULL AUTO_INCREMENT, AUTO_INCREMENT=4;

--
-- Constraints for dumped tables
--

--
-- Constraints for table `bobot`
--
ALTER TABLE `bobot`
  ADD CONSTRAINT `bobot_ibfk_1` FOREIGN KEY (`id_kriteria`) REFERENCES `kriteria` (`id_kriteria`);

--
-- Constraints for table `hasil`
--
ALTER TABLE `hasil`
  ADD CONSTRAINT `hasil_ibfk_1` FOREIGN KEY (`nip`) REFERENCES `pegawai` (`nip`);

--
-- Constraints for table `nilai_kriteria`
--
ALTER TABLE `nilai_kriteria`
  ADD CONSTRAINT `nilai_kriteria_ibfk_1` FOREIGN KEY (`id_kriteria`) REFERENCES `kriteria` (`id_kriteria`);

--
-- Constraints for table `penilaian`
--
ALTER TABLE `penilaian`
  ADD CONSTRAINT `penilaian_ibfk_1` FOREIGN KEY (`id_kriteria`) REFERENCES `kriteria` (`id_kriteria`),
  ADD CONSTRAINT `penilaian_ibfk_2` FOREIGN KEY (`id_nilai_kriteria`) REFERENCES `nilai_kriteria` (`id_nilai_kriteria`),
  ADD CONSTRAINT `penilaian_ibfk_3` FOREIGN KEY (`nip`) REFERENCES `pegawai` (`nip`);

--
-- Constraints for table `user`
--
ALTER TABLE `user`
  ADD CONSTRAINT `user_ibfk_1` FOREIGN KEY (`nip`) REFERENCES `pegawai` (`nip`);
COMMIT;

/*!40101 SET CHARACTER_SET_CLIENT=@OLD_CHARACTER_SET_CLIENT */;
/*!40101 SET CHARACTER_SET_RESULTS=@OLD_CHARACTER_SET_RESULTS */;
/*!40101 SET COLLATION_CONNECTION=@OLD_COLLATION_CONNECTION */;
